n_samples,40.0
p0,1.0
p1,2.0
p2,3.0
a0,0.5736101222502401
a1,1.128880166423989
a2,0.7912964299517723
