n_samples,48.0
p0,1.0
p1,2.0
p2,3.0
a0,0.9224142337856264
a1,0.6871054793245468
a2,1.3182435409955402
