n_samples,40.0
p0,1.0
p1,2.0
p2,3.0
a0,1.2690759206669027
a1,1.0076175952026807
a2,1.136246465065905
