n_samples,41.0
p0,1.0
p1,2.0
p2,3.0
a0,0.570905977719162
a1,1.118856539360636
a2,0.7083779198681972
