n_samples,42.0
p0,1.0
p1,2.0
p2,3.0
a0,0.5843619690718755
a1,0.7172391195551231
a2,0.5393470044468874
