n_samples,43.0
p0,1.0
p1,2.0
p2,3.0
a0,0.6317839933992281
a1,0.601893962609739
a2,1.4895424744601993
