{
  "runtime": "distributed",
  "total_steps": 1000,
  "effective_steps": 1000,
  "elapsed_time": 0.1062107760226354,
  "throughput": 9415.240500520233,
  "step_multiplier": 1,
  "timestamp": 1757855009.877916,
  "num_agents": 1,
  "num_processes": 4,
  "mpi_rank": 0,
  "mpi_size": 5
}