{
  "runtime": "distributed",
  "total_steps": 1000,
  "effective_steps": 4000,
  "elapsed_time": 0.19746511796256527,
  "throughput": 20256.742260464987,
  "step_multiplier": 4,
  "timestamp": 1757855020.45613,
  "num_agents": 4,
  "num_processes": 2,
  "mpi_rank": 0,
  "mpi_size": 3
}