{
  "runtime": "distributed",
  "total_steps": 1000,
  "effective_steps": 128000,
  "elapsed_time": 5.6646573469624855,
  "throughput": 22596.24760333234,
  "step_multiplier": 128,
  "timestamp": 1757855068.0417044,
  "num_agents": 128,
  "num_processes": 1,
  "mpi_rank": 0,
  "mpi_size": 2
}