{
  "runtime": "distributed",
  "total_steps": 1000,
  "effective_steps": 128000,
  "elapsed_time": 2.1407426749938168,
  "throughput": 59792.33351825889,
  "step_multiplier": 128,
  "timestamp": 1757855074.9179776,
  "num_agents": 128,
  "num_processes": 4,
  "mpi_rank": 0,
  "mpi_size": 5
}