{
  "runtime": "parallel",
  "total_steps": 1000,
  "effective_steps": 32000,
  "elapsed_time": 0.8193539569620043,
  "throughput": 39055.1601393974,
  "step_multiplier": 32,
  "timestamp": 1757854966.2850106,
  "num_agents": 32,
  "num_processes": 2,
  "mpi_rank": 0,
  "mpi_size": 1
}