{
  "runtime": "parallel",
  "total_steps": 1000,
  "effective_steps": 1000,
  "elapsed_time": 0.11782841698732227,
  "throughput": 8486.91704062862,
  "step_multiplier": 1,
  "timestamp": 1757854919.8971121,
  "num_agents": 1,
  "num_processes": 1,
  "mpi_rank": 0,
  "mpi_size": 1
}