{
  "runtime": "parallel",
  "total_steps": 1000,
  "effective_steps": 2000,
  "elapsed_time": 0.13850756001193076,
  "throughput": 14439.645026074562,
  "step_multiplier": 2,
  "timestamp": 1757854934.8413417,
  "num_agents": 2,
  "num_processes": 16,
  "mpi_rank": 0,
  "mpi_size": 1
}