{
  "runtime": "single_thread",
  "total_steps": 1000,
  "effective_steps": 1000,
  "elapsed_time": 0.11766063096001744,
  "throughput": 8499.01952624929,
  "step_multiplier": 1,
  "timestamp": 1757941969.1414323,
  "num_agents": 1,
  "num_processes": 1,
  "mpi_rank": 0,
  "mpi_size": 1
}