{
  "runtime": "single_thread",
  "total_steps": 1000,
  "effective_steps": 4000,
  "elapsed_time": 0.2661553989746608,
  "throughput": 15028.814051526411,
  "step_multiplier": 4,
  "timestamp": 1757854900.4276109,
  "num_agents": 4,
  "num_processes": 1,
  "mpi_rank": 0,
  "mpi_size": 1
}