n_samples,46.0
p0,1.0
p1,2.0
p2,3.0
a0,0.8527796786196565
a1,0.9245526461667846
a2,1.4081655946411402
