{
  "runtime": "distributed",
  "total_steps": 1000,
  "effective_steps": 16000,
  "elapsed_time": 0.8728484809980728,
  "throughput": 18330.787471503118,
  "step_multiplier": 16,
  "timestamp": 1757855033.820745,
  "num_agents": 16,
  "num_processes": 1,
  "mpi_rank": 0,
  "mpi_size": 2
}