{
  "runtime": "distributed",
  "total_steps": 1000,
  "effective_steps": 16000,
  "elapsed_time": 0.3264330079546198,
  "throughput": 49014.65112322309,
  "step_multiplier": 16,
  "timestamp": 1757855037.6936474,
  "num_agents": 16,
  "num_processes": 4,
  "mpi_rank": 0,
  "mpi_size": 5
}