{
  "runtime": "distributed",
  "total_steps": 1000,
  "effective_steps": 8000,
  "elapsed_time": 0.5051684390055016,
  "throughput": 15836.302077281744,
  "step_multiplier": 8,
  "timestamp": 1757855025.965218,
  "num_agents": 8,
  "num_processes": 1,
  "mpi_rank": 0,
  "mpi_size": 2
}