{
  "runtime": "distributed",
  "total_steps": 1000,
  "effective_steps": 2000,
  "elapsed_time": 0.12514707300579175,
  "throughput": 15981.196778828706,
  "step_multiplier": 2,
  "timestamp": 1757855016.8370235,
  "num_agents": 2,
  "num_processes": 7,
  "mpi_rank": 0,
  "mpi_size": 8
}