{
  "runtime": "distributed",
  "total_steps": 1000,
  "effective_steps": 128000,
  "elapsed_time": 1.6820413779933006,
  "throughput": 76098.00904702228,
  "step_multiplier": 128,
  "timestamp": 1757855078.2081702,
  "num_agents": 128,
  "num_processes": 7,
  "mpi_rank": 0,
  "mpi_size": 8
}