{
  "runtime": "distributed",
  "total_steps": 1000,
  "effective_steps": 4000,
  "elapsed_time": 0.17293780902400613,
  "throughput": 23129.70207367867,
  "step_multiplier": 4,
  "timestamp": 1757855022.137568,
  "num_agents": 4,
  "num_processes": 4,
  "mpi_rank": 0,
  "mpi_size": 5
}