{
  "runtime": "parallel",
  "total_steps": 1000,
  "effective_steps": 64000,
  "elapsed_time": 2.938616216997616,
  "throughput": 21778.958283089036,
  "step_multiplier": 64,
  "timestamp": 1757854976.5957103,
  "num_agents": 64,
  "num_processes": 1,
  "mpi_rank": 0,
  "mpi_size": 1
}