{
  "runtime": "parallel",
  "total_steps": 1000,
  "effective_steps": 32000,
  "elapsed_time": 0.34583940502488986,
  "throughput": 92528.49598702317,
  "step_multiplier": 32,
  "timestamp": 1757854970.1409576,
  "num_agents": 32,
  "num_processes": 8,
  "mpi_rank": 0,
  "mpi_size": 1
}