{
  "runtime": "parallel",
  "total_steps": 1000,
  "effective_steps": 32000,
  "elapsed_time": 0.3840436669997871,
  "throughput": 83323.85806538437,
  "step_multiplier": 32,
  "timestamp": 1757854972.0917888,
  "num_agents": 32,
  "num_processes": 16,
  "mpi_rank": 0,
  "mpi_size": 1
}