{
  "runtime": "parallel",
  "total_steps": 1000,
  "effective_steps": 128000,
  "elapsed_time": 1.056975728017278,
  "throughput": 121100.22643576507,
  "step_multiplier": 128,
  "timestamp": 1757855004.9534543,
  "num_agents": 128,
  "num_processes": 16,
  "mpi_rank": 0,
  "mpi_size": 1
}