{
  "runtime": "parallel",
  "total_steps": 1000,
  "effective_steps": 4000,
  "elapsed_time": 0.1515376860043034,
  "throughput": 26396.074174488895,
  "step_multiplier": 4,
  "timestamp": 1757854941.6281488,
  "num_agents": 4,
  "num_processes": 8,
  "mpi_rank": 0,
  "mpi_size": 1
}