{
  "runtime": "parallel",
  "total_steps": 1000,
  "effective_steps": 16000,
  "elapsed_time": 0.26716403802856803,
  "throughput": 59888.29978041098,
  "step_multiplier": 16,
  "timestamp": 1757854957.1365147,
  "num_agents": 16,
  "num_processes": 4,
  "mpi_rank": 0,
  "mpi_size": 1
}