{
  "runtime": "parallel",
  "total_steps": 1000,
  "effective_steps": 64000,
  "elapsed_time": 0.5886963359662332,
  "throughput": 108714.79248287856,
  "step_multiplier": 64,
  "timestamp": 1757854984.8306508,
  "num_agents": 64,
  "num_processes": 16,
  "mpi_rank": 0,
  "mpi_size": 1
}