{
  "runtime": "parallel",
  "total_steps": 1000,
  "effective_steps": 8000,
  "elapsed_time": 0.19587138900533319,
  "throughput": 40843.12691417211,
  "step_multiplier": 8,
  "timestamp": 1757854950.8622267,
  "num_agents": 8,
  "num_processes": 16,
  "mpi_rank": 0,
  "mpi_size": 1
}