{
  "runtime": "parallel",
  "total_steps": 1000,
  "effective_steps": 128000,
  "elapsed_time": 1.5300148139940575,
  "throughput": 83659.32070020934,
  "step_multiplier": 128,
  "timestamp": 1757854999.8137016,
  "num_agents": 128,
  "num_processes": 4,
  "mpi_rank": 0,
  "mpi_size": 1
}