{
  "runtime": "parallel",
  "total_steps": 1000,
  "effective_steps": 2000,
  "elapsed_time": 0.1200402730028145,
  "throughput": 16661.075070639898,
  "step_multiplier": 2,
  "timestamp": 1757854931.5004165,
  "num_agents": 2,
  "num_processes": 4,
  "mpi_rank": 0,
  "mpi_size": 1
}