{
  "runtime": "single_thread",
  "total_steps": 1000,
  "effective_steps": 128000,
  "elapsed_time": 5.739796527021099,
  "throughput": 22300.44207968306,
  "step_multiplier": 128,
  "timestamp": 1757854919.7593815,
  "num_agents": 128,
  "num_processes": 1,
  "mpi_rank": 0,
  "mpi_size": 1
}