n_samples,45.0
p0,1.0
p1,2.0
p2,3.0
a0,0.5389401058388984
a1,1.4453485642168453
a2,1.4904729288579077
