{
  "Twilight Sparkle": 0.5560175776481628,
  "Rarity": 0.42199376225471497,
  "Fluttershy": 0.7037056684494019,
  "Rainbow Dash": 0.6292101144790649,
  "Pinkie Pie": 0.5583228468894958,
  "Applejack": 0.5406632423400879
}