n_samples,45.0
p0,1.0
p1,2.0
p2,3.0
a0,0.5958397807181015
a1,1.156941050295481
a2,0.9965912830393773
