n_samples,48.0
p0,1.0
p1,2.0
p2,3.0
a0,0.7647225710237165
a1,0.9893590821801724
a2,0.8858664402389507
