n_samples,43.0
p0,1.0
p1,2.0
p2,3.0
a0,1.1675392084045877
a1,0.9055086916876324
a2,1.2356538803119825
