{
    "system_info": {
        "platform_processor": "Intel64 Family 6 Model 142 Stepping 9, GenuineIntel",
        "platform_machine": "AMD64",
        "platform_system": "Windows",
        "platform_release": "10",
        "platform_python_version": "3.11.7",
        "platform_python_implementation": "CPython",
        "platform_python_compiler": "MSC v.1916 64 bit (AMD64)",
        "psutil_cpu_count_logical": 4,
        "psutil_cpu_count_physical": 2
    },
    "benchmark_settings": {
        "array_size": 1000,
        "n_runs_total": 30,
        "n_runs_warmup": 10,
        "n_seconds_per_run_target": 0.5
    },
    "results_ns": {
        "baseline": {
            "q25": 1211.1493417753495,
            "q50": 1307.2530382631453,
            "q75": 1391.3488203907768
        },
        "flops": {
            "abs(x)": {
                "q25": 1623.6614903570153,
                "q50": 2170.525467066671,
                "q75": 2724.9706170025684
            },
            "x>=0": {
                "q25": 1539.4815340210503,
                "q50": 1718.7036334858058,
                "q75": 1827.9410638004579
            },
            "round(x)": {
                "q25": 1457.0065953300357,
                "q50": 1558.30311733864,
                "q75": 1676.8450343779364
            },
            "-x": {
                "q25": 1488.868161557058,
                "q50": 1653.2690554752812,
                "q75": 2280.2974533618644
            },
            "x==y": {
                "q25": 1655.6262344708268,
                "q50": 1830.172356557723,
                "q75": 2088.9087756789663
            },
            "x>=y": {
                "q25": 1655.6262344708268,
                "q50": 1830.172356557723,
                "q75": 2088.9087756789663
            },
            "x<=y": {
                "q25": 1655.6262344708268,
                "q50": 1830.172356557723,
                "q75": 2088.9087756789663
            },
            "x+y": {
                "q25": 1828.5074110467942,
                "q50": 1974.5484596185097,
                "q75": 2606.3806091903493
            },
            "x-y": {
                "q25": 2567.297889164987,
                "q50": 2764.450908060443,
                "q75": 2965.6867371143035
            },
            "x*y": {
                "q25": 1938.423746030986,
                "q50": 2426.1415206122474,
                "q75": 2827.0604978328874
            },
            "sqrt(x)": {
                "q25": 2796.6202473232133,
                "q50": 3066.6651003148763,
                "q75": 3364.2090685415774
            },
            "x/y": {
                "q25": 3163.277772962583,
                "q50": 3299.2498172624,
                "q75": 3442.890645108403
            },
            "2^x": {
                "q25": 5315.585060615009,
                "q50": 5658.201618089246,
                "q75": 5906.3237367433785
            },
            "log2(x)": {
                "q25": 7495.219774272615,
                "q50": 8732.827433259092,
                "q75": 9181.92753987244
            },
            "x^y": {
                "q25": 13072.297712832518,
                "q50": 13953.353992510196,
                "q75": 14935.083207864303
            }
        }
    }
}