n_samples,45.0
p0,1.0
p1,2.0
p2,3.0
a0,0.5501553861960282
a1,1.1026056278980683
a2,1.3861228450675962
