n_samples,49.0
p0,1.0
p1,2.0
p2,3.0
a0,1.3607258389598733
a1,1.123109594733366
a2,1.1959549759677783
