n_samples,43.0
p0,1.0
p1,2.0
p2,3.0
a0,1.4210834444416918
a1,1.0393593801609282
a2,0.7487722155396462
