n_samples,44.0
p0,1.0
p1,2.0
p2,3.0
a0,1.0643343758154946
a1,1.451509977743457
a2,1.4111221827569416
