n_samples,49.0
p0,1.0
p1,2.0
p2,3.0
a0,1.016692317045985
a1,0.774774548744325
a2,0.7809624642466488
