n_samples,44.0
p0,1.0
p1,2.0
p2,3.0
a0,1.0446136907064023
a1,1.4581091184991783
a2,0.575951585433625
